#,case,V1,V2,V3,V4,V5,V6,V7,V8,V9,V10,V11,V12,Cooling,Lighting,Cooling+Lighting,Equipment,Total
33553,33554,110,1.112705312,0.516126189,1.020382177,0.399659928,0.199519388,2.685569525,0.386357196,0.535149095,0.422842434,0.508884661,0.522874897,65144.36448,13466.187,78610.55148,51617.8656,130228.4171
9427,9428,330,1.178474136,0.673344766,0.68247386,0.18909869,0.471081462,1.758220971,0.401958714,0.352365889,0.4333922,0.533989046,0.692663548,70027.77594,12245.2344,82273.01034,51617.8656,133890.8759
199,200,70,0.663160393,0.611923994,0.671967905,0.257207731,0.41029511,1.977453323,0.395385388,0.54150534,0.336673857,0.539569841,0.463373183,69760.15478,14566.2804,84326.43518,51617.8656,135944.3008
12447,12448,200,1.064509252,0.421823,0.923905418,0.200746425,0.461018806,1.11763914,0.42847793,0.326426628,0.370991359,0.400421891,0.668916346,67693.42867,13448.88216,81142.31083,51617.8656,132760.1764
39489,39490,200,0.79595727,0.628000322,0.645047017,0.341184573,0.29150557,2.138888512,0.442728083,0.401421474,0.474092769,0.454828062,0.58949304,66738.8361,13179.69576,79918.53186,51617.8656,131536.3975
42724,42725,220,1.016212124,0.781125538,0.628067254,0.361191756,0.451129664,2.921109625,0.533792606,0.316230002,0.406509916,0.425160417,0.493934395,71282.06401,14722.848,86004.91201,51617.8656,137622.7776
10822,10823,250,0.423686177,0.607104224,0.766324756,0.338377914,0.174621622,1.57861151,0.413628963,0.461998158,0.452285395,0.515668276,0.524539317,64384.96911,13404.384,77789.35311,51617.8656,129407.2187
49498,49499,230,0.500207851,0.674265989,1.135776719,0.258655439,0.184369461,1.960015986,0.462459212,0.550809745,0.373524493,0.578611467,0.589594991,63381.97291,12452.06844,75834.04135,51617.8656,127451.907
4144,4145,310,0.780912983,0.798999806,0.821333392,0.189768378,0.438842661,1.615280632,0.358640413,0.58120968,0.461224945,0.509451485,0.67267096,70640.97615,11936.2194,82577.19555,51617.8656,134195.0612
36958,36959,200,1.184486316,0.550889575,0.467371486,0.325946956,0.383041753,2.424772815,0.457382855,0.54778849,0.349877283,0.46483508,0.470999152,69397.30577,14787.3978,84184.70357,51617.8656,135802.5692
43106,43107,60,0.587070397,0.422519299,0.814556141,0.231404289,0.38631669,2.392057249,0.474138678,0.322992331,0.507668951,0.618126955,0.567721006,69634.43091,12276.8226,81911.25351,51617.8656,133529.1191
38695,38696,190,0.633549926,0.756882097,0.739447336,0.268542723,0.43462753,1.724016943,0.547113077,0.444037598,0.412823323,0.366130241,0.490662457,68427.29624,14891.22684,83318.52308,51617.8656,134936.3887
6188,6189,330,1.078927858,0.723265018,0.464502577,0.428135732,0.327932326,1.843705093,0.406194944,0.432641712,0.546525616,0.406415982,0.692739869,69873.53113,12116.68416,81990.21529,51617.8656,133608.0809
1414,1415,90,1.122811765,0.45882996,0.560159742,0.325657792,0.354626406,2.916465792,0.391779707,0.444914665,0.436341536,0.356655018,0.543626093,68733.80315,14232.26952,82966.07267,51617.8656,134583.9383
18471,18472,120,0.757932503,0.701960907,0.999179546,0.366179794,0.387559524,1.930748132,0.410472427,0.42736243,0.369367714,0.584520446,0.499463852,70137.20322,13745.26188,83882.4651,51617.8656,135500.3307
29282,29283,0,1.140961352,0.729916597,0.874461979,0.410123339,0.163328468,2.981149219,0.445909132,0.489753177,0.460267475,0.395606969,0.534846383,64778.22803,13908.97116,78687.19919,51617.8656,130305.0648
15177,15178,50,0.421356909,0.699541377,0.71264088,0.45035242,0.321183244,1.905820423,0.689993151,0.567129827,0.474193595,0.431203131,0.751037023,71094.44013,11190.73788,82285.17801,51617.8656,133903.0436
34304,34305,80,0.677531088,0.451532139,0.865955709,0.410956907,0.156817516,2.812380848,0.483255264,0.590153824,0.507794977,0.364113192,0.530196552,64260.98924,13366.20348,77627.19272,51617.8656,129245.0583
12609,12610,260,1.160997528,0.487033201,0.813421435,0.303778015,0.352011127,2.413473834,0.64763159,0.410032115,0.560211098,0.464200587,0.558457834,69791.96861,12455.63928,82247.60789,51617.8656,133865.4735
12144,12145,120,0.543109692,0.447357709,1.037826381,0.414651458,0.166446531,1.24981839,0.410246425,0.54945565,0.567840863,0.553105465,0.503979554,65619.09654,12875.35032,78494.44686,51617.8656,130112.3125
6113,6114,230,0.420481363,0.769480354,0.69310435,0.356803295,0.358796703,2.001023079,0.432696009,0.413411617,0.555848571,0.564990701,0.493154438,71275.2744,12983.02488,84258.29928,51617.8656,135876.1649
15908,15909,300,0.859311754,0.668204296,0.735509871,0.227246581,0.164828772,1.490810593,0.463852364,0.228715946,0.572175984,0.50990675,0.536896215,63099.47652,13143.16332,76242.63984,51617.8656,127860.5054
821,822,60,1.107713264,0.50320308,0.829088783,0.423088422,0.30073592,1.894141804,0.652120565,0.566555764,0.59274063,0.425837811,0.502509619,71571.27589,12695.16024,84266.43613,51617.8656,135884.3017
15118,15119,160,0.497440139,0.718094277,1.168245142,0.170883463,0.379513978,1.258544541,0.401993102,0.30615676,0.605989177,0.618064535,0.613175696,67801.57302,11915.89308,79717.4661,51617.8656,131335.3317
13466,13467,30,0.549514388,0.456644385,0.527743139,0.459685405,0.200329249,1.261877077,0.475663154,0.367336874,0.483455288,0.557228946,0.47476568,67460.76599,13965.00588,81425.77187,51617.8656,133043.6375
26497,26498,170,0.426941373,0.46696309,1.068563234,0.171213513,0.425459558,2.958782488,0.562410094,0.623092517,0.509549411,0.484560582,0.69868452,65604.80664,11382.46452,76987.27116,51617.8656,128605.1368
42111,42112,270,0.886514024,0.701283025,0.692744886,0.22883277,0.30952911,1.034513593,0.51119439,0.377736929,0.596335048,0.418121763,0.43372874,69090.31054,14514.36588,83604.67642,51617.8656,135222.542
30188,30189,350,0.433992228,0.446789094,0.820828334,0.438345021,0.340297309,1.032891611,0.34728713,0.481352742,0.436001406,0.537671539,0.588508938,69746.90038,13191.507,82938.40738,51617.8656,134556.273
37237,37238,240,0.875596526,0.722786437,1.11944501,0.275038633,0.263720369,2.59058082,0.428428536,0.454245182,0.427543229,0.621020931,0.626508043,66323.2409,11887.60104,78210.84194,51617.8656,129828.7075
33109,33110,170,0.554266919,0.450930054,0.431145621,0.467532039,0.482215218,1.959258534,0.51960622,0.404741442,0.580371861,0.476152613,0.600111535,74297.62749,12333.68136,86631.30885,51617.8656,138249.1745
36480,36481,90,0.849362956,0.455138186,0.789127506,0.477885565,0.490703698,2.114302112,0.421653275,0.442005487,0.438652166,0.407002235,0.628232513,73812.73772,13014.3384,86827.07612,51617.8656,138444.9417
24148,24149,310,0.597399574,0.763097235,1.178139168,0.383723023,0.412925771,1.918050149,0.446428198,0.45570584,0.493323584,0.50521626,0.659703076,71222.85412,12018.07404,83240.92816,51617.8656,134858.7938
5503,5504,40,0.575128968,0.497220989,1.082759369,0.410144629,0.426770476,1.334267123,0.604970917,0.278944195,0.417817182,0.362071301,0.639932931,70133.3686,13242.3228,83375.6914,51617.8656,134993.557
3918,3919,230,0.702153589,0.685987025,0.896964488,0.235124678,0.334054915,2.147162857,0.55681338,0.519384426,0.323623209,0.484553255,0.574948819,67232.71183,13288.19436,80520.90619,51617.8656,132138.7718
38478,38479,30,0.431164188,0.421567979,0.523874238,0.303920452,0.389734698,1.49081743,0.47367089,0.298156839,0.59848503,0.491835552,0.716775418,70338.37144,11479.42656,81817.798,51617.8656,133435.6636
21123,21124,100,0.695031197,0.474287639,0.490956692,0.288616996,0.372104535,2.436123545,0.406223943,0.54731065,0.534927261,0.431545846,0.67212395,70096.86668,11893.36932,81990.236,51617.8656,133608.1016
49717,49718,360,0.916243097,0.723962813,0.920010713,0.159294725,0.193402187,2.181144377,0.294310507,0.376609639,0.355994676,0.506358259,0.750211449,60689.22492,12583.0908,73272.31572,51617.8656,124890.1813
42294,42295,30,0.666688202,0.588142004,0.937255701,0.183849552,0.324427316,2.804305224,0.342470755,0.354200721,0.539459217,0.506318227,0.608544325,65179.36547,12577.5972,77756.96267,51617.8656,129374.8283
47609,47610,150,0.899762039,0.692326558,0.590767892,0.407880713,0.29741453,1.429498813,0.465874198,0.607942272,0.417239169,0.386186901,0.508936429,69495.83196,14480.30556,83976.13752,51617.8656,135594.0031
11076,11077,350,1.001021907,0.638691362,0.772602504,0.211349519,0.45225307,2.395632455,0.575025939,0.527493439,0.448070021,0.458427577,0.616921507,67979.39344,12577.32252,80556.71596,51617.8656,132174.5816
41514,41515,140,1.05893168,0.619712218,0.733214181,0.413824187,0.425401674,2.482828399,0.445366185,0.495048891,0.419198777,0.466875978,0.57513228,71251.24644,13270.06548,84521.31192,51617.8656,136139.1775
22062,22063,20,0.86032787,0.587117721,0.510415152,0.198191941,0.388302335,2.027373552,0.511122748,0.526035199,0.417486115,0.436658331,0.500008913,67523.47478,14136.13152,81659.6063,51617.8656,133277.4719
9413,9414,0,0.813663962,0.565388644,1.141559842,0.423539134,0.274341709,1.419916424,0.560884251,0.458818089,0.425340316,0.393799682,0.475109356,67623.53569,15007.1418,82630.67749,51617.8656,134248.5431
38340,38341,350,0.695638982,0.7445257,1.176569876,0.256638962,0.328401267,1.000474334,0.261534959,0.511569818,0.515341457,0.530133464,0.49449411,67192.69248,14031.75312,81224.4456,51617.8656,132842.3112
30263,30264,170,0.64385905,0.768916628,0.856459315,0.295108777,0.421008553,2.113130691,0.373815265,0.487053957,0.5336691,0.337373625,0.462554838,68068.25242,15187.0572,83255.30962,51617.8656,134873.1752
41252,41253,240,0.686798674,0.569346774,0.926084035,0.196932306,0.354735876,2.320913073,0.478534521,0.439857368,0.338023106,0.54528088,0.517991697,67853.77857,13708.45476,81562.23333,51617.8656,133180.0989
14644,14645,350,0.404923451,0.789810912,0.709483639,0.190584919,0.331530496,2.782895709,0.272949452,0.257235113,0.441325822,0.469985903,0.485677979,64112.83862,15493.05072,79605.88934,51617.8656,131223.7549
26335,26336,360,0.792866857,0.773931202,0.982859171,0.283417622,0.199567554,2.344936547,0.265636488,0.331897559,0.519058901,0.385796243,0.623371387,62171.1911,13467.5604,75638.7515,51617.8656,127256.6171
28102,28103,210,0.872443754,0.529764913,0.527607902,0.257672002,0.273083069,2.972113959,0.507244922,0.575418806,0.626251696,0.478070904,0.497597286,66396.72761,12803.65884,79200.38645,51617.8656,130818.2521
17523,17524,0,0.788714185,0.610856773,0.870968141,0.444880179,0.371052083,1.12770943,0.382607228,0.570441174,0.576532763,0.438881902,0.6150781,71676.96229,12328.46244,84005.42473,51617.8656,135623.2903
24712,24713,230,0.857738576,0.69585632,0.764251509,0.213372104,0.306350808,2.348741072,0.471927964,0.382992159,0.407248214,0.477886398,0.56492549,66439.35097,13435.69752,79875.04849,51617.8656,131492.9141
40485,40486,260,1.149385572,0.59413812,0.80966886,0.340265248,0.222188184,1.683947237,0.377755902,0.35877756,0.612190201,0.5674794,0.623560081,66687.88187,11575.56456,78263.44643,51617.8656,129881.312
3850,3851,220,0.743319342,0.711319857,0.638383332,0.341775992,0.214565566,1.273566209,0.489362188,0.529858201,0.453260933,0.446293412,0.567554419,66755.77797,13428.00648,80183.78445,51617.8656,131801.6501
40040,40041,290,0.976751561,0.679393736,0.955621998,0.313866793,0.393248821,1.531578086,0.493309574,0.541953618,0.456099914,0.645077812,0.49255037,73432.69505,12777.01488,86209.70993,51617.8656,137827.5755
15267,15268,310,0.621532215,0.584161354,0.544391251,0.29105557,0.481500715,1.957842206,0.545757938,0.401345673,0.386400733,0.398604112,0.474342577,71375.31787,15093.39132,86468.70919,51617.8656,138086.5748
49146,49147,300,1.092773435,0.673359862,1.072151245,0.467493449,0.472679257,1.085723307,0.54522957,0.37625843,0.345171848,0.444450769,0.725478636,73471.50668,12285.063,85756.56968,51617.8656,137374.4353
30001,30002,350,0.937014982,0.557890543,1.117195336,0.401799153,0.231384144,1.469492998,0.259483156,0.508268163,0.598207037,0.367880746,0.597747799,65891.16272,13075.31736,78966.48008,51617.8656,130584.3457
45926,45927,340,0.58935125,0.46574685,1.188200366,0.21542247,0.281906983,1.865967081,0.559808957,0.459817759,0.577226498,0.451038661,0.751191507,63994.72949,11082.51396,75077.24345,51617.8656,126695.1091
43824,43825,70,0.780633133,0.688414872,0.67042304,0.40197878,0.417568463,2.90998681,0.550522895,0.417591354,0.514315588,0.386119694,0.530718298,72148.57041,13396.1436,85544.71401,51617.8656,137162.5796
17240,17241,330,0.923198604,0.443401415,0.831181342,0.407284866,0.347951683,1.16438709,0.462972637,0.393204633,0.455209669,0.460540148,0.618676412,69585.69156,13139.04312,82724.73468,51617.8656,134342.6003
4892,4893,300,1.183054786,0.644587715,0.836127116,0.336920116,0.449041824,2.884852261,0.33209636,0.432305116,0.515141494,0.617505234,0.694545156,72955.65655,11223.15012,84178.80667,51617.8656,135796.6723
725,726,280,0.996345577,0.411397701,0.749281451,0.33679371,0.215961884,1.762599729,0.379991423,0.386125605,0.56598706,0.446090191,0.572172984,65512.69837,12757.78728,78270.48565,51617.8656,129888.3513
22949,22950,60,0.919943961,0.516679439,1.025624194,0.298116352,0.156195948,2.898878872,0.606056803,0.495198734,0.57760759,0.536795632,0.511970407,63504.69383,12388.61736,75893.31119,51617.8656,127511.1768
34657,34658,290,1.125721863,0.745910292,1.039720189,0.301081369,0.161754875,1.103364399,0.521136521,0.379804968,0.506529324,0.404371251,0.751485735,63716.68357,12021.3702,75738.05377,51617.8656,127355.9194
37213,37214,20,0.65171165,0.65495663,0.518551293,0.36211347,0.165007908,2.572820492,0.574389508,0.363088128,0.366490662,0.536276725,0.503504066,64065.59366,14100.42312,78166.01678,51617.8656,129783.8824
20304,20305,300,0.538457099,0.63468874,1.131653572,0.188858228,0.348107101,1.763352128,0.49027893,0.633757275,0.313916685,0.654962648,0.616034992,68297.44563,11989.23264,80286.67827,51617.8656,131904.5439
15269,15270,270,1.045076077,0.405202029,1.137360167,0.456924406,0.215921581,1.099332027,0.417529651,0.293093139,0.597346229,0.493457698,0.509531936,66869.16195,13229.13816,80098.30011,51617.8656,131716.1657
22367,22368,220,0.918880045,0.525584329,0.966807032,0.421724243,0.499954736,2.638867359,0.54299627,0.534774675,0.401523262,0.536149008,0.650498168,73922.46911,12066.14304,85988.61215,51617.8656,137606.4778
42684,42685,260,1.075706788,0.794829409,0.821882685,0.283115119,0.474950131,2.459739241,0.372832619,0.335217638,0.41472284,0.470943366,0.531524933,72178.33722,14013.62424,86191.96146,51617.8656,137809.8271
46734,46735,320,0.592388825,0.502864584,0.6247812,0.228392928,0.191395436,2.228929681,0.403430754,0.468635404,0.461416762,0.613693306,0.671358428,63227.31935,11601.1098,74828.42915,51617.8656,126446.2948
11732,11733,60,0.574796759,0.462573751,0.500730027,0.252124082,0.431404514,1.107572499,0.467112241,0.469457396,0.518112332,0.359123023,0.478377158,72962.36441,14201.78004,87164.14445,51617.8656,138782.0101
18619,18620,150,1.020331793,0.432223961,1.073670112,0.216491545,0.253810517,1.423673313,0.527435231,0.49943664,0.531308068,0.321502885,0.51766472,64742.8608,14309.17992,79052.04072,51617.8656,130669.9063
48492,48493,110,0.450238112,0.62957268,1.079765665,0.238907616,0.381296597,2.34940367,0.446282747,0.470567438,0.585092323,0.512790774,0.534067664,69841.35651,12497.39064,82338.74715,51617.8656,133956.6128
26803,26804,80,0.997238212,0.565064539,0.733552993,0.275010382,0.321194977,1.870185485,0.361100278,0.503378567,0.400606693,0.343033791,0.52006164,67481.76593,14844.53124,82326.29717,51617.8656,133944.1628
44305,44306,220,0.902925444,0.423107646,0.585165778,0.339569731,0.171364103,1.345107156,0.612245833,0.306033248,0.343742659,0.447723278,0.480510063,65699.99307,15445.2564,81145.24947,51617.8656,132763.1151
47522,47523,350,0.705814093,0.773682175,0.767464128,0.345677382,0.161183345,1.727817766,0.280835994,0.510864507,0.424420318,0.495177251,0.449967074,64287.15469,15024.44664,79311.60133,51617.8656,130929.4669
32207,32208,0,0.953342058,0.689099086,0.590906366,0.42665205,0.498673049,1.60734887,0.454826459,0.429163532,0.433178217,0.462381499,0.568725605,72587.85567,13453.55172,86041.40739,51617.8656,137659.273
2530,2531,220,0.448880326,0.55796724,0.443805553,0.463122947,0.437183296,1.866988191,0.499957185,0.598891824,0.304683806,0.432216112,0.567458749,73308.45467,13756.52376,87064.97843,51617.8656,138682.844
17746,17747,190,1.151631644,0.725022794,0.962131208,0.324348508,0.343235625,1.361220361,0.342389395,0.660128439,0.481877659,0.441250028,0.698484274,67644.47023,12404.27412,80048.74435,51617.8656,131666.61
8270,8271,150,0.906585011,0.790962202,0.930389096,0.35834907,0.333585045,2.845066147,0.397955887,0.492373377,0.608377739,0.494012991,0.638269952,68178.11897,11827.44612,80005.56509,51617.8656,131623.4307
15079,15080,150,0.579378822,0.74172664,0.593316746,0.211963693,0.290044099,2.583501457,0.297285628,0.405452278,0.56495977,0.534556224,0.596894249,65249.04699,12461.40756,77710.45455,51617.8656,129328.3202
13624,13625,130,1.093437665,0.628723822,0.962532897,0.428544772,0.480392823,2.981044524,0.542486386,0.537530163,0.44911905,0.42760648,0.705408518,72562.8587,11970.27972,84533.13842,51617.8656,136151.004
30638,30639,230,0.49506162,0.638330299,0.905893049,0.259570483,0.443521117,2.215203024,0.33830862,0.508353902,0.472852053,0.421835876,0.661171724,69340.58653,12589.13376,81929.72029,51617.8656,133547.5859
30440,30441,200,0.587845106,0.420386944,1.121078109,0.273902023,0.168067298,2.756092237,0.459516527,0.269261681,0.584330015,0.480825491,0.484172959,61558.93919,13754.87568,75313.81487,51617.8656,126931.6805
36056,36057,250,0.64473999,0.492073678,0.662681229,0.325635952,0.450535399,2.334658911,0.569719166,0.452794124,0.532952255,0.438990294,0.703512307,72127.18243,11591.22132,83718.40375,51617.8656,135336.2694
42651,42652,160,0.535742428,0.602007866,0.990931049,0.212950626,0.492230024,1.097407521,0.542659582,0.477922236,0.468049013,0.414861497,0.476420025,70148.62533,14226.50124,84375.12657,51617.8656,135992.9922
36803,36804,170,0.879094406,0.537739205,0.414185733,0.161567684,0.334747505,1.888114081,0.447566719,0.362491716,0.641078414,0.362875359,0.704613685,65592.94744,11899.96164,77492.90908,51617.8656,129110.7747
48224,48225,110,0.859346799,0.578185756,0.866692485,0.23634712,0.466005679,2.766932046,0.210097372,0.500874964,0.431093837,0.483775243,0.567381917,70186.96281,13502.44476,83689.40757,51617.8656,135307.2732
29226,29227,0,1.178797302,0.525182736,0.463536162,0.308165303,0.459515035,2.622711366,0.451638158,0.334341389,0.387652483,0.418476714,0.694518225,68251.29176,13149.48096,81400.77272,51617.8656,133018.6383
5633,5634,310,1.130760277,0.795185634,0.669059828,0.284649179,0.389874849,1.478476942,0.409318757,0.47052386,0.494065952,0.576876628,0.608006071,71912.24533,12209.80068,84122.04601,51617.8656,135739.9116
5987,5988,270,0.99500926,0.744735002,0.662605372,0.28681973,0.346310269,1.176797345,0.453607463,0.435071874,0.421267084,0.384064422,0.547150257,69223.46712,14373.18036,83596.64748,51617.8656,135214.5131
48063,48064,140,0.791723358,0.436337104,0.680777885,0.244199016,0.387257822,2.876919298,0.316716122,0.389018049,0.542087865,0.663582553,0.485505972,69251.93138,12936.32928,82188.26066,51617.8656,133806.1263
1812,1813,20,0.449321986,0.437982614,1.184974098,0.242245345,0.314160616,1.564010341,0.542827144,0.45184368,0.411080002,0.46433266,0.478339621,65191.83725,14625.61128,79817.44853,51617.8656,131435.3141
27578,27579,150,1.057415432,0.580293892,1.148595651,0.311163372,0.489855573,2.684558566,0.362975863,0.46206003,0.486328264,0.530978166,0.500867335,70747.21409,13634.84052,84382.05461,51617.8656,135999.9202
16823,16824,210,0.716211697,0.668569468,0.720709947,0.401657208,0.195355704,1.143745197,0.398485818,0.682373255,0.474049039,0.491023313,0.466338243,67533.86684,14040.2682,81574.13504,51617.8656,133192.0006
3928,3929,180,1.080596201,0.496366714,0.547739121,0.27797393,0.347396519,2.715827737,0.253667141,0.319446844,0.307520378,0.531641351,0.736083463,65247.17546,12955.2822,78202.45766,51617.8656,129820.3233
37286,37287,190,1.02225285,0.667212229,1.066127151,0.214618185,0.283013209,1.854993817,0.417279297,0.633201491,0.472435613,0.473741612,0.544765409,64708.67295,13154.4252,77863.09815,51617.8656,129480.9638
25045,25046,260,0.751961337,0.754481609,0.985324083,0.174011926,0.293228237,2.864343819,0.31514796,0.313760824,0.585710632,0.405962895,0.57282691,65050.78689,13097.01708,78147.80397,51617.8656,129765.6696
15727,15728,160,0.636667667,0.747657576,0.700672823,0.439836708,0.208457437,1.982636363,0.299687619,0.368882014,0.404356868,0.467693716,0.573718397,64811.20598,14000.4396,78811.64558,51617.8656,130429.5112
29600,29601,130,1.014801201,0.567678076,0.697764931,0.190221107,0.429545509,2.808756235,0.482863124,0.536857134,0.458985719,0.465264354,0.547065808,69171.32915,13151.95308,82323.28223,51617.8656,133941.1478
10430,10431,190,0.666649357,0.64431652,0.923902966,0.246361432,0.186047232,2.538214696,0.332845065,0.609353777,0.462169408,0.568605979,0.698835878,61834.50645,11584.35432,73418.86077,51617.8656,125036.7264
25768,25769,280,0.517553415,0.561661285,0.788701422,0.260526953,0.206272574,1.878967166,0.346928826,0.36961151,0.368061119,0.399803937,0.509088319,63244.9501,15110.69616,78355.64626,51617.8656,129973.5119
29103,29104,70,0.566641049,0.685730544,0.40030895,0.342635668,0.329077289,1.841293039,0.391634274,0.387201453,0.454556549,0.521504349,0.475938846,69998.01349,14025.71016,84023.72365,51617.8656,135641.5893
36537,36538,270,0.648863758,0.793068154,0.412774646,0.187916799,0.16333876,1.919780825,0.449373236,0.267265491,0.645801837,0.658498219,0.634190838,63553.41683,10847.93724,74401.35407,51617.8656,126019.2197
39328,39329,200,0.653592408,0.53726263,1.070839682,0.162178755,0.268891014,2.877073873,0.434582703,0.367993312,0.491784011,0.458561397,0.515687835,62631.14058,13888.09548,76519.23606,51617.8656,128137.1017
35539,35540,160,1.077251759,0.514251293,0.943954729,0.205734836,0.463922039,1.27566523,0.35402015,0.416888464,0.416686226,0.415741296,0.6752542,67930.01971,13023.40284,80953.42255,51617.8656,132571.2882
28075,28076,170,0.453214081,0.675904053,0.585108992,0.303085606,0.388190741,2.530931524,0.407189407,0.446107318,0.438392428,0.593131859,0.475270797,68382.70761,13811.73444,82194.44205,51617.8656,133812.3077
17840,17841,90,1.025655495,0.704936642,0.901731397,0.453490391,0.361697731,2.303268945,0.45107048,0.501978139,0.533332259,0.559693902,0.613379773,71954.82182,11775.5316,83730.35342,51617.8656,135348.219
27802,27803,230,0.680738511,0.405202437,0.598002321,0.45923345,0.186484434,1.724388828,0.440677843,0.329107098,0.503894776,0.594828165,0.600329802,66519.95429,12115.58544,78635.53973,51617.8656,130253.4053
7682,7683,50,1.007818248,0.609864868,1.144308282,0.370796152,0.322761143,2.553497628,0.518133547,0.470445065,0.448131889,0.519193776,0.579056416,68393.4561,12718.78272,81112.23882,51617.8656,132730.1044
24279,24280,280,0.458612484,0.520166426,0.813659696,0.364843044,0.16948259,1.090335192,0.316645925,0.615943997,0.376906905,0.49972804,0.560589969,64853.99066,13536.50508,78390.49574,51617.8656,130008.3613
33070,33071,270,0.701288037,0.458272179,0.577973071,0.27467271,0.365389528,2.231944245,0.529545847,0.55551895,0.641168711,0.576675071,0.510808645,71927.13909,11971.9278,83899.06689,51617.8656,135516.9325
35557,35558,0,1.03052174,0.404413407,0.819828088,0.340692687,0.37426093,2.654868478,0.247948497,0.495665291,0.41929895,0.414721905,0.594352207,66896.78146,13899.63204,80796.4135,51617.8656,132414.2791
37189,37190,50,0.837037993,0.734542576,0.662149708,0.308819919,0.379272578,1.889706677,0.401171739,0.634964306,0.488645881,0.514278088,0.690073656,71057.96764,11565.67608,82623.64372,51617.8656,134241.5093
47149,47150,170,0.665196923,0.766990629,0.924671076,0.331656116,0.252033823,2.581982641,0.633888714,0.622052682,0.493451224,0.494872588,0.54319888,66417.57168,12599.5716,79017.14328,51617.8656,130635.0089
46915,46916,320,0.596670976,0.569288774,0.419764112,0.383110674,0.439214849,2.237400271,0.394375046,0.453574299,0.579142202,0.434624789,0.475675158,72689.67475,13773.55392,86463.22867,51617.8656,138081.0943
9801,9802,270,0.99430278,0.410662229,0.835436384,0.45022432,0.311883662,1.721553063,0.535104569,0.343127566,0.471729348,0.346051066,0.723610456,68183.57769,12439.98252,80623.56021,51617.8656,132241.4258
38800,38801,120,0.467616151,0.776549004,0.893059329,0.176936629,0.231713374,1.179248185,0.289658588,0.56246007,0.543054221,0.464181098,0.506367437,64695.37277,13706.80668,78402.17945,51617.8656,130020.0451
24669,24670,350,0.985603511,0.5551758,1.133206601,0.203170851,0.158600394,2.453282422,0.390428919,0.283936634,0.507748505,0.465050122,0.45026048,60993.88319,15051.91464,76045.79783,51617.8656,127663.6634
44233,44234,110,1.152788628,0.544377656,0.918045539,0.332097709,0.476920962,1.110320194,0.502912375,0.339851033,0.499886462,0.521003446,0.552594554,75222.65163,12689.39196,87912.04359,51617.8656,139529.9092
31919,31920,30,0.627525455,0.505441107,1.175866951,0.163245523,0.169997826,2.33910413,0.551899641,0.557424705,0.537874673,0.463881172,0.449496003,61374.3248,13695.81948,75070.14428,51617.8656,126688.0099
7134,7135,40,0.430200519,0.686134745,0.462896833,0.253125735,0.184321857,2.881316117,0.460925114,0.335225213,0.472781332,0.385626418,0.741867655,62394.52774,12244.13568,74638.66342,51617.8656,126256.529
33704,33705,10,0.579482931,0.702731057,0.76242429,0.365346945,0.377355923,2.918236681,0.445426505,0.38005063,0.368951662,0.404390375,0.659170626,66424.73952,13513.98132,79938.72084,51617.8656,131556.5864
29660,29661,150,0.637466011,0.68470365,0.819922833,0.274912094,0.488101508,1.797149202,0.412758741,0.358906882,0.584725024,0.56677714,0.487441968,72924.04982,13170.63132,86094.68114,51617.8656,137712.5467
17893,17894,240,0.951755915,0.408136044,0.48736038,0.326594086,0.265816944,2.107586563,0.379543341,0.518175973,0.526380928,0.430105435,0.658695871,67151.0741,12177.9378,79329.0119,51617.8656,130946.8775
22018,22019,240,0.90859968,0.548076617,1.034575045,0.215872734,0.39253544,1.567781522,0.537286789,0.470930295,0.661811732,0.389821253,0.519961818,69849.85415,12867.65928,82717.51343,51617.8656,134335.379
13538,13539,240,1.129252077,0.696484475,0.863895463,0.468132899,0.497491847,1.129081801,0.641479174,0.374755807,0.425942083,0.361614385,0.457431896,75512.32458,14803.32924,90315.65382,51617.8656,141933.5194
43118,43119,10,0.74166418,0.466652285,0.754096322,0.28290793,0.186600385,2.179964562,0.370527712,0.59433543,0.650731055,0.513808161,0.641676438,63741.58244,11323.95768,75065.54012,51617.8656,126683.4057
36420,36421,210,0.910721015,0.700463535,0.99995139,0.260846087,0.323009774,1.170888569,0.242381844,0.288488002,0.474376694,0.668351292,0.544647453,68112.58381,13211.55864,81324.14245,51617.8656,132942.0081
9405,9406,110,0.908549533,0.427428724,0.479232195,0.374520417,0.383338532,2.727919579,0.503047972,0.395709746,0.589647609,0.447689353,0.585696652,71993.66833,12308.4108,84302.07913,51617.8656,135919.9447
13413,13414,250,0.75554256,0.788394416,0.552767056,0.32473057,0.183019163,2.00562931,0.544565519,0.404841403,0.527690044,0.433438929,0.634877723,64929.96257,12248.80524,77178.76781,51617.8656,128796.6334
6720,6721,210,0.570142856,0.78070562,0.468271248,0.294874417,0.261423931,1.885798875,0.59612281,0.31633928,0.479813661,0.644412096,0.602406224,67784.34775,11835.13716,79619.48491,51617.8656,131237.3505
15601,15602,280,0.599638848,0.632778745,0.719489714,0.196105903,0.356712188,2.191351457,0.351653526,0.535805025,0.609908207,0.413133007,0.498115667,68381.45738,13242.04812,81623.5055,51617.8656,133241.3711
44743,44744,30,0.845896148,0.724352256,0.600587101,0.39229546,0.153391138,2.677608298,0.502128928,0.433203356,0.468451563,0.598572175,0.57327901,64592.53345,12453.16716,77045.70061,51617.8656,128663.5662
31138,31139,220,1.113886199,0.755571691,0.485399321,0.261963635,0.278339127,2.035736131,0.324658716,0.453738014,0.462768327,0.573613074,0.467099002,67861.75955,13816.95336,81678.71291,51617.8656,133296.5785
2729,2730,330,0.962529881,0.539853459,0.447482447,0.433283171,0.428904981,1.810249601,0.553062737,0.440376347,0.340216193,0.398843104,0.594985218,71564.67267,13861.17684,85425.84951,51617.8656,137043.7151
38242,38243,240,0.508054592,0.532964561,1.012885749,0.234134387,0.445818843,2.78058456,0.235905124,0.399877347,0.60379356,0.518927839,0.623472948,70590.8525,12014.22852,82605.08102,51617.8656,134222.9466
29625,29626,340,0.813627333,0.48337107,0.48894717,0.200673283,0.235116353,2.608178583,0.369123279,0.530707632,0.395120848,0.646170093,0.472349226,64253.67316,13679.064,77932.73716,51617.8656,129550.6028
47894,47895,320,0.513433702,0.680649865,0.449492092,0.360261045,0.399778609,1.27677194,0.46213792,0.558891608,0.406594745,0.604453526,0.667453647,73348.91438,11810.96532,85159.8797,51617.8656,136777.7453
42090,42091,60,1.061804567,0.793845127,0.742596622,0.32636916,0.414865781,2.518792861,0.276839338,0.455804239,0.614659186,0.355479487,0.599655623,72015.47596,12691.5894,84707.06536,51617.8656,136324.931
36399,36400,170,0.478424537,0.775580529,0.46398681,0.341929528,0.495378378,2.204989675,0.496529942,0.351751823,0.356810259,0.643932509,0.559901889,71986.87218,12881.39328,84868.26546,51617.8656,136486.1311
6244,6245,20,0.855577856,0.749507602,0.634927612,0.223025511,0.422983979,1.455971016,0.50483532,0.415477051,0.558525476,0.467180179,0.691396205,69718.52114,11696.14908,81414.67022,51617.8656,133032.5358
5545,5546,40,0.789978421,0.553422651,1.08427061,0.316355205,0.468633024,1.413488696,0.508664822,0.520460819,0.615371567,0.475866609,0.59780091,74353.09323,11764.26972,86117.36295,51617.8656,137735.2286
4064,4065,160,0.927602414,0.778372756,0.54447426,0.172409385,0.325818346,1.500040649,0.421572354,0.413263824,0.486263223,0.574187446,0.525445066,66960.13553,13349.448,80309.58353,51617.8656,131927.4491
12851,12852,340,1.116749319,0.49999331,0.533437071,0.241723224,0.19708824,1.621530059,0.44131278,0.473087307,0.452945955,0.469598884,0.584314553,64199.74105,13179.97044,77379.71149,51617.8656,128997.5771
21802,21803,230,1.130616966,0.624876747,0.636214444,0.410723297,0.366120932,2.506535541,0.506135812,0.372892901,0.562423969,0.586885932,0.504897728,72418.78032,12670.16436,85088.94468,51617.8656,136706.8103
41163,41164,230,0.776301598,0.599576098,0.614137333,0.192902986,0.324767487,2.256161068,0.437610798,0.483950862,0.487008439,0.565609637,0.584607996,67900.48616,12266.65944,80167.1456,51617.8656,131785.0112
6232,6233,60,0.588383136,0.649059468,1.153861016,0.450840103,0.346231595,1.908994322,0.398648034,0.613852284,0.573951071,0.547438465,0.524699824,72185.42767,12394.66032,84580.08799,51617.8656,136197.9536
3862,3863,240,0.435807914,0.565110123,0.648725614,0.172741072,0.279094544,2.984100095,0.587183225,0.514235633,0.482909345,0.454159953,0.644015259,64594.817,12066.14304,76660.96004,51617.8656,128278.8256
35094,35095,270,0.618857136,0.734262757,1.09710109,0.275374304,0.42394044,1.887627954,0.427851902,0.644725747,0.336433569,0.382459411,0.523786229,69172.25347,14361.36912,83533.62259,51617.8656,135151.4882
40195,40196,140,1.089473421,0.696300921,1.173155612,0.246048593,0.298347727,2.318332151,0.444816784,0.338941209,0.527893903,0.434783474,0.649895963,65792.75643,12470.472,78263.22843,51617.8656,129881.094
39250,39251,260,0.517384069,0.499061838,0.771823627,0.386409978,0.283120903,1.812675807,0.538042367,0.362377472,0.529412668,0.519537656,0.572716578,68601.20465,12402.90072,81004.10537,51617.8656,132621.971
6217,6218,120,0.499047025,0.734053146,0.507804187,0.447775612,0.174087513,2.916651248,0.343980788,0.526979603,0.63494497,0.53179848,0.704625675,65242.10478,10852.33212,76094.4369,51617.8656,127712.3025
36775,36776,110,0.620166416,0.539728196,0.423466278,0.216192873,0.254276366,2.410581364,0.455139847,0.51700124,0.53019581,0.458301147,0.650763612,65759.34466,11921.93604,77681.2807,51617.8656,129299.1463
42976,42977,10,0.900436278,0.445872263,0.675885105,0.176123979,0.246420684,2.172569203,0.484573955,0.680518318,0.419702491,0.445933203,0.520801385,63527.16418,13532.38488,77059.54906,51617.8656,128677.4147
48467,48468,150,1.101147373,0.543140826,0.997080995,0.451492742,0.425037316,1.046490717,0.281535473,0.363229931,0.327379906,0.603871418,0.645501655,70639.94937,12741.0318,83380.98117,51617.8656,134998.8468
14831,14832,330,0.465930841,0.430351524,1.17431791,0.150211963,0.211036425,2.667583139,0.279725303,0.440288993,0.398724319,0.338557535,0.568336362,60202.75029,14734.65924,74937.40953,51617.8656,126555.2751
30092,30093,120,1.04179685,0.431552067,1.021862255,0.282198579,0.236580791,2.111294895,0.249138754,0.639801753,0.431892621,0.598781797,0.54641288,65031.74568,12783.6072,77815.35288,51617.8656,129433.2185
8893,8894,340,0.561212318,0.768538418,0.512455419,0.300197969,0.304333812,1.103534817,0.616717764,0.514026851,0.377687731,0.600218667,0.749016936,68542.12883,11460.74832,80002.87715,51617.8656,131620.7428
6020,6021,20,1.031295236,0.441468158,0.896892558,0.443878973,0.382573971,1.02893791,0.344852372,0.334306543,0.5892483,0.512621063,0.569574757,71329.78966,12798.16524,84127.9549,51617.8656,135745.8205
46088,46089,240,0.824165835,0.447770523,1.106539484,0.423532683,0.308519395,2.034246928,0.393613268,0.475116638,0.446150659,0.612010325,0.588007791,69639.31956,12203.75772,81843.07728,51617.8656,133460.9429
15242,15243,200,0.538192016,0.597979421,0.885177316,0.373152061,0.45872055,2.826858394,0.394356088,0.412387287,0.346871752,0.448032127,0.714234521,68372.41583,12862.44036,81234.85619,51617.8656,132852.7218
45307,45308,190,0.831402889,0.635685546,0.923547789,0.171375708,0.48276478,1.472727644,0.471711089,0.443970384,0.443999607,0.636998964,0.561150645,70136.01839,12408.11964,82544.13803,51617.8656,134162.0036
26550,26551,20,1.040198745,0.585896276,0.786312811,0.206186654,0.397413362,2.370306531,0.383843713,0.400709485,0.442974154,0.587207714,0.586225508,67370.10415,12820.13964,80190.24379,51617.8656,131808.1094
6034,6035,200,0.579678512,0.43842068,0.463683204,0.292606511,0.162930635,1.053607246,0.376441197,0.420376416,0.430883111,0.617676477,0.612432856,63893.01178,12636.10404,76529.11582,51617.8656,128146.9814
7905,7906,190,0.914951478,0.4627704,0.45297688,0.449350977,0.343801051,1.986023173,0.597759344,0.364369501,0.495627037,0.424578874,0.599071469,70497.70001,12917.92572,83415.62573,51617.8656,135033.4913
32225,32226,310,0.897321326,0.648475047,0.94768071,0.353238317,0.40701612,2.20998511,0.284729679,0.291545903,0.437858488,0.448703439,0.684658845,68901.56941,12949.23924,81850.80865,51617.8656,133468.6743
6017,6018,240,0.67600647,0.554044169,1.109511607,0.154400406,0.459645119,2.065579706,0.427552636,0.576222134,0.502357648,0.407094611,0.628146038,69075.84515,12482.8326,81558.67775,51617.8656,133176.5434
21879,21880,350,0.947413777,0.65915968,0.86146664,0.289152865,0.390266496,2.999349153,0.468428001,0.423262468,0.539402088,0.445340294,0.663231516,67182.3571,12185.62884,79367.98594,51617.8656,130985.8515
2791,2792,330,0.975720735,0.434819211,1.026029343,0.18648546,0.262062317,1.411031367,0.203627394,0.334832009,0.535097765,0.530174847,0.570144066,64298.41003,13438.99368,77737.40371,51617.8656,129355.2693
42605,42606,70,1.134707606,0.727587796,0.655463342,0.465450255,0.349930435,2.033834379,0.45217119,0.373424495,0.563410447,0.505436326,0.477694822,72666.01848,13321.43064,85987.44912,51617.8656,137605.3147
5823,5824,260,0.500569403,0.741291027,0.86928152,0.321750357,0.395790033,2.639709243,0.645981743,0.560115111,0.570001676,0.604931069,0.589340738,72546.02583,11282.75568,83828.78151,51617.8656,135446.6471
15387,15388,50,1.143637707,0.618961648,1.096109834,0.35874499,0.42481356,1.477947695,0.483244936,0.462701028,0.550096399,0.467553598,0.556304416,73126.57509,12647.09124,85773.66633,51617.8656,137391.5319
29561,29562,180,0.66707706,0.658627855,0.864934739,0.321355358,0.427702111,2.031868256,0.502407322,0.434342183,0.395048389,0.447472593,0.422737269,69074.26247,15716.91492,84791.17739,51617.8656,136409.043
39475,39476,360,1.039231803,0.537622393,0.919371012,0.352291596,0.263996802,1.336884971,0.400773937,0.380282746,0.538980723,0.514192254,0.545993508,66401.15192,13450.80492,79851.95684,51617.8656,131469.8224
292,293,90,0.579907968,0.494590348,1.081647372,0.194934672,0.340607576,1.796033671,0.340891502,0.474295258,0.655392613,0.469333956,0.49840824,69417.01079,12740.75712,82157.76791,51617.8656,133775.6335
16957,16958,150,0.498039751,0.481372037,0.580959531,0.46705505,0.223733461,1.091488234,0.564041607,0.479982723,0.335334829,0.440444561,0.419470459,69499.38863,15950.11824,85449.50687,51617.8656,137067.3725
30860,30861,120,0.898916342,0.631688037,0.894271193,0.432056493,0.451172479,1.101097832,0.38411766,0.593752206,0.393206348,0.441239161,0.520466927,73410.28029,13757.62248,87167.90277,51617.8656,138785.7684
14073,14074,180,1.098574526,0.767714013,0.83426855,0.220982505,0.248534466,1.060678573,0.631030053,0.319112225,0.429768431,0.543406201,0.523692581,65591.64162,13651.04664,79242.68826,51617.8656,130860.5539
21856,21857,60,0.880141911,0.575388258,0.637009607,0.412556047,0.418280535,1.921577334,0.620250862,0.41607877,0.391937172,0.435678819,0.544293332,72189.91629,13629.89628,85819.81257,51617.8656,137437.6782
22079,22080,330,0.733006249,0.614651133,0.958660779,0.313691475,0.365485151,1.721978933,0.217402549,0.470324826,0.485219157,0.655883707,0.409121017,70016.90755,14401.74708,84418.65463,51617.8656,136036.5202
17023,17024,90,0.845208248,0.512179069,0.70443548,0.451659766,0.384375198,1.448478324,0.4557818,0.241521285,0.365196252,0.573624941,0.45550756,71487.83966,14635.22508,86123.06474,51617.8656,137740.9303
8739,8740,250,0.915823063,0.701742502,0.788782456,0.253574884,0.240120236,2.146907046,0.451149615,0.478887143,0.494509161,0.331075302,0.549808822,64845.6696,13778.77284,78624.44244,51617.8656,130242.308
15825,15826,220,0.57140287,0.619848539,0.84616398,0.339941975,0.44421988,1.394660003,0.356194358,0.604322796,0.563428244,0.4286011,0.65284599,71852.37708,11998.84644,83851.22352,51617.8656,135469.0891
2741,2742,190,0.962993001,0.494808522,0.509692864,0.227725757,0.439367414,1.299712836,0.454669253,0.610818774,0.578222449,0.516758412,0.521160044,70954.76644,12675.65796,83630.4244,51617.8656,135248.29
18048,18049,110,1.132809488,0.653549553,0.850051256,0.2197471,0.164891992,1.147840684,0.479794105,0.669676079,0.542899795,0.534947555,0.618586172,64272.73835,11852.16732,76124.90567,51617.8656,127742.7713
49936,49937,260,0.95866826,0.403971688,0.882053062,0.265079829,0.223030645,1.653421853,0.527397383,0.258530482,0.474499308,0.466823339,0.592420884,64803.88118,12971.763,77775.64418,51617.8656,129393.5098
17372,17373,300,1.025635636,0.763199431,0.722496873,0.198284193,0.18393545,2.576968909,0.450616101,0.530804384,0.494689144,0.438780236,0.481949665,63564.55772,13776.02604,77340.58376,51617.8656,128958.4494
22021,22022,150,0.874127742,0.479494135,1.124494659,0.459864797,0.188958442,1.123425821,0.330964418,0.585974121,0.44434918,0.390563644,0.495245758,66213.53022,14856.61716,81070.14738,51617.8656,132688.013
46364,46365,300,0.516410894,0.420333028,0.725406216,0.301409541,0.483639187,1.851110234,0.415497402,0.461151946,0.379269796,0.474896111,0.476746013,72483.22766,14636.3238,87119.55146,51617.8656,138737.4171
23537,23538,180,0.626751492,0.768211768,1.057901213,0.224049652,0.470319367,2.133593646,0.58170153,0.609257383,0.503235845,0.460721577,0.476994853,68900.66362,13552.98588,82453.6495,51617.8656,134071.5151
45499,45500,360,1.033018659,0.667595011,0.517031515,0.486568268,0.183180207,2.857871335,0.286490785,0.583045971,0.619682534,0.371325456,0.48969562,67167.73257,13630.44564,80798.17821,51617.8656,132416.0438
40185,40186,210,0.409351142,0.583777632,0.706324093,0.302596115,0.340579638,2.353347714,0.542948424,0.488758194,0.438945749,0.389569584,0.518306559,67225.87535,14068.56024,81294.43559,51617.8656,132912.3012
9613,9614,270,0.873181901,0.593180721,1.147281076,0.338196777,0.31935608,2.168198495,0.308642823,0.614422788,0.409103013,0.44766451,0.60754189,67633.08191,12966.81876,80599.90067,51617.8656,132217.7663
43281,43282,350,0.452788172,0.585307993,0.895406233,0.348674273,0.380424108,2.406734021,0.41465246,0.527494186,0.584918392,0.41763603,0.505555749,68596.89152,13386.5298,81983.42132,51617.8656,133601.2869
37891,37892,260,0.732235715,0.606724434,0.835211467,0.224308359,0.379868149,2.11713889,0.511068062,0.607835481,0.461828579,0.618430775,0.677093107,70901.77391,11014.94268,81916.71659,51617.8656,133534.5822
26178,26179,110,0.705263616,0.583562876,0.824189845,0.306340143,0.348167431,2.235818604,0.289433784,0.400079052,0.546584296,0.497899888,0.52008804,69197.62649,13242.59748,82440.22397,51617.8656,134058.0896
45892,45893,220,0.776415282,0.69930823,0.475704937,0.170686878,0.165197894,1.501147663,0.586229536,0.363572082,0.552863787,0.650028136,0.56973707,63721.09589,11936.76876,75657.86465,51617.8656,127275.7303
20933,20934,190,0.574114184,0.747549426,0.831707981,0.49682899,0.415815873,2.01247854,0.491218865,0.628077797,0.566530354,0.507736328,0.595175786,73000.9842,12028.51188,85029.49608,51617.8656,136647.3617
40971,40972,170,0.851377189,0.708406083,1.045280882,0.284781887,0.310871096,1.329408199,0.301048574,0.549520522,0.391971602,0.311458709,0.641382661,64692.31641,14522.60628,79214.92269,51617.8656,130832.7883
22224,22225,70,1.178769949,0.488677522,1.069480041,0.407316756,0.267117235,1.378656548,0.459075784,0.317421059,0.434993784,0.573720526,0.615911974,67762.4878,12644.61912,80407.10692,51617.8656,132024.9725
24381,24382,320,0.576079026,0.61870053,1.045579881,0.425492193,0.21322099,1.231079369,0.308800832,0.475078386,0.327769964,0.364381797,0.545036216,65664.38059,15534.25272,81198.63331,51617.8656,132816.4989
34855,34856,10,1.025949053,0.662506902,0.835924974,0.467963674,0.172386875,1.631607864,0.408957156,0.561493741,0.386911358,0.413829105,0.500315452,67063.18086,14671.75752,81734.93838,51617.8656,133352.804
48577,48578,290,1.176846426,0.565569173,0.442783406,0.195046334,0.458537833,2.502994363,0.392626632,0.489704628,0.415059482,0.67163617,0.443033762,74285.45982,13503.81816,87789.27798,51617.8656,139407.1436
38536,38537,130,0.966169839,0.553124494,0.773062156,0.44618779,0.214868896,1.656842608,0.388885161,0.464368205,0.599951023,0.528659087,0.530487899,67811.66315,12600.12096,80411.78411,51617.8656,132029.6497
31755,31756,290,0.800209638,0.760030087,1.193881134,0.267880505,0.357395222,2.236779768,0.532172012,0.652446617,0.382122774,0.591965659,0.634442022,69411.18038,11776.35564,81187.53602,51617.8656,132805.4016
7753,7754,250,0.446963443,0.615914422,0.781130099,0.2031334,0.367833428,1.53335728,0.430068782,0.450944507,0.456298197,0.44239836,0.68918565,68138.71547,12374.60868,80513.32415,51617.8656,132131.1898
46638,46639,360,0.586182391,0.545271888,0.818052809,0.176093506,0.342646822,1.303906457,0.382870983,0.423252607,0.425663193,0.590684017,0.666376715,65262.60114,12511.39932,77774.00046,51617.8656,129391.8661
43834,43835,130,1.126883317,0.414904701,0.448582577,0.421711844,0.476623055,1.347274397,0.475301524,0.440990108,0.468779481,0.449343709,0.430515449,75790.7411,14584.40928,90375.15038,51617.8656,141993.016
26235,26236,30,1.091053058,0.59055449,1.00402601,0.401215562,0.385160364,1.456372573,0.538569183,0.422749968,0.551802387,0.40738484,0.464997841,71587.86787,14062.79196,85650.65983,51617.8656,137268.5254
44229,44230,70,0.974538932,0.776892721,0.732567402,0.39610173,0.407873474,1.890391168,0.469039434,0.424439344,0.498093021,0.629658605,0.465364775,73975.54666,13142.33928,87117.88594,51617.8656,138735.7515
49596,49597,110,0.565903669,0.511291463,0.774939889,0.163123014,0.349331659,2.837585094,0.416367591,0.61549696,0.475856516,0.448104471,0.587807304,66513.19084,12706.6968,79219.88764,51617.8656,130837.7532
18552,18553,60,0.987710244,0.582476953,0.676935488,0.23066941,0.380063826,2.572208507,0.23660535,0.508845214,0.397651937,0.569692118,0.433280893,69095.33871,14837.38956,83932.72827,51617.8656,135550.5939
43136,43137,280,0.732496058,0.582566436,0.450402158,0.354049982,0.318038011,2.524296773,0.544623231,0.258543747,0.414670156,0.572410926,0.497694387,69436.77358,13586.77152,83023.5451,51617.8656,134641.4107
36672,36673,360,1.04782813,0.527191521,0.849942308,0.179255009,0.355729032,1.995205459,0.457235708,0.342364883,0.468709534,0.504065714,0.473851867,65773.94957,14449.5414,80223.49097,51617.8656,131841.3566
43649,43650,270,0.602801595,0.444063552,1.06975902,0.316464716,0.489575836,1.96920223,0.549010402,0.488028535,0.574960187,0.566063529,0.511601993,75630.5438,12370.2138,88000.7576,51617.8656,139618.6232
3940,3941,60,1.072611368,0.713793851,0.764784566,0.445415343,0.302404895,1.990765189,0.4833426,0.234119725,0.480338516,0.669441446,0.453488452,70004.52188,13464.53892,83469.0608,51617.8656,135086.9264
31496,31497,260,1.154937238,0.537390575,0.69078984,0.18146571,0.407623144,1.461591043,0.484661169,0.444701629,0.458884687,0.460268417,0.622140093,70524.54344,12644.8938,83169.43724,51617.8656,134787.3028
26593,26594,30,1.189894105,0.498094869,0.784204092,0.219600388,0.373401021,2.755979605,0.268378706,0.418596208,0.638724904,0.399282199,0.462877909,68483.77459,14012.25084,82496.02543,51617.8656,134113.891
23921,23922,40,0.819222288,0.514453214,1.18340259,0.295079463,0.352018626,1.009043344,0.297304465,0.378137035,0.391112143,0.396761649,0.728736709,66752.4829,13384.88172,80137.36462,51617.8656,131755.2302
26402,26403,50,0.933827232,0.609248891,0.58403731,0.438783438,0.276384206,2.398121397,0.292076906,0.245260689,0.391834277,0.513939562,0.627174326,66647.34913,13420.8648,80068.21393,51617.8656,131686.0795
45942,45943,170,1.152490544,0.658524821,0.467025596,0.400406064,0.164338901,2.897098694,0.462055253,0.575504959,0.531764694,0.467925809,0.594405685,65495.12539,12474.86688,77969.99227,51617.8656,129587.8579
48525,48526,90,0.68824054,0.544686823,0.996519239,0.243773153,0.480206144,1.27142896,0.515673909,0.461837726,0.546357027,0.431285613,0.483699862,74509.47008,13391.19936,87900.66944,51617.8656,139518.535
18315,18316,110,1.170290016,0.554865891,0.616697592,0.337670068,0.306074848,1.484036221,0.380506437,0.483433294,0.407248598,0.416851429,0.726639724,68107.90662,12652.03548,80759.9421,51617.8656,132377.8077
36893,36894,150,0.921689039,0.449679022,1.125896816,0.396735058,0.391833154,2.026363067,0.346970507,0.350891917,0.4887715,0.58391327,0.590292038,69494.76812,12606.71328,82101.4814,51617.8656,133719.347
26695,26696,50,0.820758266,0.481537156,0.500525181,0.487860465,0.240246809,2.434476961,0.472174431,0.319692319,0.442270548,0.46920242,0.5493919,67546.71903,13576.33368,81123.05271,51617.8656,132740.9183
42127,42128,50,0.971666171,0.679951304,0.930689929,0.422100184,0.209674634,1.670814753,0.471148181,0.331712556,0.557800857,0.461813355,0.505854552,66834.53047,13361.25924,80195.78971,51617.8656,131813.6553
14170,14171,60,0.496551209,0.703784854,1.026855702,0.18720751,0.261966069,1.184151966,0.40972111,0.481994595,0.474878696,0.484488141,0.569247244,65387.85631,13260.72636,78648.58267,51617.8656,130266.4483
3732,3733,310,1.038484296,0.697326082,0.402559641,0.27971203,0.245450797,1.268845691,0.51608701,0.4677396,0.413446376,0.507384114,0.511998171,67860.57908,13949.34912,81809.9282,51617.8656,133427.7938
7881,7882,60,0.808819583,0.76171207,0.919721032,0.210981426,0.309822777,2.348087431,0.432361446,0.599988417,0.515378402,0.625939679,0.680610422,67453.89899,10990.77084,78444.66983,51617.8656,130062.5354
6016,6017,320,0.975455691,0.709416293,1.14705505,0.240991535,0.343152366,1.617478809,0.451563773,0.60333543,0.367867021,0.604621923,0.473433302,68697.92253,13778.49816,82476.42069,51617.8656,134094.2863
23029,23030,70,0.42749379,0.589841179,0.965416059,0.410342744,0.261698026,1.569898732,0.375087819,0.272896676,0.56166247,0.40905858,0.581989653,66975.04455,13081.08564,80056.13019,51617.8656,131673.9958
35473,35474,90,0.489471903,0.54218612,0.817986616,0.195339385,0.376675499,1.23264175,0.323416234,0.23568726,0.671145174,0.572522412,0.707800944,72203.88464,10901.77452,83105.65916,51617.8656,134723.5248
49685,49686,250,0.578464917,0.74208999,0.682309048,0.339819509,0.203384415,1.797818031,0.225672231,0.501942859,0.441699183,0.583116137,0.475132442,65714.00175,13632.09372,79346.09547,51617.8656,130963.9611
4817,4818,30,0.674195871,0.498247027,1.129498602,0.467712354,0.433666359,1.584312744,0.354829073,0.541947822,0.429145843,0.458392377,0.49235123,72195.38809,14226.77592,86422.16401,51617.8656,138040.0296
41693,41694,10,1.182170623,0.647384572,0.785681241,0.161563761,0.430227838,2.394378359,0.560839928,0.44571843,0.604261495,0.439535043,0.570417996,67927.89312,12452.34312,80380.23624,51617.8656,131998.1018
12007,12008,140,0.492393319,0.513133091,1.063495835,0.280767572,0.212210766,2.875509345,0.589241738,0.548953309,0.557259342,0.480522002,0.573708193,64110.04931,12215.56896,76325.61827,51617.8656,127943.4839
41327,41328,270,1.072161068,0.490117558,0.872290735,0.493450934,0.396092449,1.585202632,0.546043765,0.487099245,0.4683856,0.49949054,0.618844965,73769.81243,12169.42272,85939.23515,51617.8656,137557.1008
9506,9507,260,0.968883987,0.719945064,0.4413689,0.203559719,0.30462971,1.45480415,0.511787757,0.265669538,0.506778095,0.510410308,0.659787504,68574.22497,12249.90396,80824.12893,51617.8656,132441.9945
44798,44799,280,0.436153649,0.75988448,1.146341226,0.195822756,0.300548711,1.934858004,0.50973419,0.526257251,0.412726448,0.475134491,0.616663988,65593.11312,12585.01356,78178.12668,51617.8656,129795.9923
34062,34063,230,1.027021479,0.413226686,0.473274015,0.20156671,0.332060244,2.13141623,0.423390041,0.54374644,0.409301471,0.519643442,0.525984751,68239.91216,13357.96308,81597.87524,51617.8656,133215.7408
27474,27475,290,0.403531671,0.496765829,0.807315201,0.237106296,0.369217407,2.375368982,0.569604789,0.509408307,0.347381331,0.569428825,0.526590136,68886.20041,13169.80728,82056.00769,51617.8656,133673.8733
31143,31144,50,0.76552184,0.7790556,0.67066539,0.169590254,0.306608534,2.504412805,0.40181227,0.497063885,0.547106868,0.438062591,0.664224231,66415.40912,11959.01784,78374.42696,51617.8656,129992.2926
21235,21236,10,0.542821412,0.476363214,0.828722556,0.285318754,0.446533547,1.987994976,0.483125182,0.524340962,0.485031799,0.495738613,0.483432497,69651.21146,13743.6138,83394.82526,51617.8656,135012.6909
1390,1391,60,0.665538577,0.760196877,1.050676164,0.379712252,0.320435538,2.376798507,0.546496318,0.322567187,0.556632621,0.593151671,0.493847739,69584.02822,12755.58984,82339.61806,51617.8656,133957.4837
38249,38250,320,0.991622047,0.708592233,1.140157433,0.413868974,0.420064879,1.446187438,0.435746936,0.21303634,0.409017561,0.3557505,0.424362667,69560.74582,17391.63888,86952.3847,51617.8656,138570.2503
37624,37625,70,1.192785109,0.775553151,0.502337454,0.302981727,0.288903092,2.016581103,0.469884227,0.502622667,0.600476043,0.439076526,0.420834769,70136.71381,13949.07444,84085.78825,51617.8656,135703.6539
42028,42029,0,1.186010672,0.716065357,0.787892349,0.399775743,0.208347483,1.740326853,0.372236945,0.376087673,0.411149412,0.53657093,0.511808983,65619.75926,14183.92584,79803.6851,51617.8656,131421.5507
20834,20835,250,0.455613041,0.419056698,0.769186765,0.354470803,0.371428641,2.462847422,0.234019674,0.449964931,0.535386632,0.417845722,0.483723505,68907.9579,14218.53552,83126.49342,51617.8656,134744.359
14757,14758,190,1.09507495,0.52768521,0.960591667,0.278360036,0.405223275,2.843500812,0.462224017,0.674054193,0.364672002,0.430028379,0.501000121,67252.08876,14235.84036,81487.92912,51617.8656,133105.7947
26396,26397,360,0.559090708,0.531758596,0.676016938,0.434803112,0.422332363,1.429604461,0.459220792,0.431685071,0.426036984,0.612217487,0.613751163,71497.63004,12289.73256,83787.3626,51617.8656,135405.2282
6808,6809,120,1.030273271,0.793498588,1.087173254,0.370037595,0.261802888,1.863589463,0.445979777,0.312569621,0.364864087,0.457713367,0.676992651,66101.21117,12944.84436,79046.05553,51617.8656,130663.9211
9225,9226,310,0.730102154,0.431828815,1.082624057,0.451205803,0.376090418,1.390243943,0.413539773,0.47133793,0.521756486,0.575206727,0.465062177,72945.26667,13433.77476,86379.04143,51617.8656,137996.907
48394,48395,290,1.145685772,0.573435969,0.559054521,0.362563194,0.285757266,2.150421501,0.413785332,0.5587873,0.572693709,0.398356423,0.492292169,68932.38262,13473.87804,82406.26066,51617.8656,134024.1263
5395,5396,40,0.999772709,0.523333226,0.94086868,0.322417508,0.322174486,1.16714639,0.269893282,0.415169228,0.45166735,0.497173194,0.50699682,68365.76683,14535.51624,82901.28307,51617.8656,134519.1487
6943,6944,200,0.547894388,0.542342957,1.033002811,0.451301183,0.389747184,2.296206908,0.439072278,0.663419301,0.382465993,0.443300843,0.504023211,69983.43692,14078.99808,84062.435,51617.8656,135680.3006
23870,23871,70,0.584205475,0.560661055,0.720327337,0.283810753,0.477562718,1.171838224,0.264605735,0.54227775,0.446443315,0.491627088,0.563437982,73696.03905,13145.36076,86841.39981,51617.8656,138459.2654
32492,32493,40,1.009439737,0.647320105,0.612716263,0.450837214,0.318671271,2.274027843,0.432844929,0.410556406,0.623429052,0.682168687,0.595879367,71360.04697,11235.7854,82595.83237,51617.8656,134213.698
36345,36346,170,0.997046653,0.707472781,1.155951329,0.406183569,0.257756578,1.540770967,0.442262907,0.585580671,0.438245597,0.376739798,0.450536058,67304.01309,15395.814,82699.82709,51617.8656,134317.6927
10755,10756,250,0.422859921,0.694385203,0.667086401,0.424190158,0.294332945,2.640947137,0.361720508,0.580548296,0.470976954,0.355202652,0.624155404,67231.07247,13056.08976,80287.16223,51617.8656,131905.0278
12301,12302,320,0.747259276,0.553022363,0.890260663,0.176339867,0.305358842,2.62519115,0.558658912,0.466441476,0.610394791,0.499207276,0.605583525,65580.82446,11788.99092,77369.81538,51617.8656,128987.681
48386,48387,100,0.855542919,0.666307992,1.115072476,0.155361343,0.388235428,2.935143109,0.490024542,0.500167731,0.611685568,0.402216051,0.567534513,68871.21618,12402.90072,81274.1169,51617.8656,132891.9825
42745,42746,10,1.055857126,0.769136479,0.992669905,0.273949092,0.200899472,2.715044421,0.293123105,0.480311313,0.396787772,0.371740705,0.495857035,63271.86656,15506.78472,78778.65128,51617.8656,130396.5169
29089,29090,120,1.015345004,0.42409673,0.856943291,0.406937178,0.165169512,1.950063101,0.391528883,0.541986097,0.670548457,0.425008002,0.606495206,65316.74362,11801.07684,77117.82046,51617.8656,128735.6861
44712,44713,230,1.107097671,0.676725715,0.846310062,0.272976549,0.366910415,2.507505017,0.510322467,0.590772616,0.583570717,0.402695033,0.537656305,69133.59989,12837.44448,81971.04437,51617.8656,133588.91
14343,14344,310,0.527180121,0.481883323,0.895010318,0.305897166,0.277510943,2.959623192,0.58564173,0.439975775,0.432379421,0.521297505,0.718484704,65610.1847,11588.7492,77198.9339,51617.8656,128816.7995
38172,38173,100,0.530036942,0.463736488,0.616303576,0.447387248,0.274379121,2.261626882,0.355355319,0.463885115,0.481496325,0.464019069,0.572528285,67785.49443,13021.2054,80806.69983,51617.8656,132424.5654
5071,5072,250,1.092638803,0.758234391,0.690467152,0.454183244,0.472373151,2.908555623,0.328035417,0.572521802,0.634024969,0.522803169,0.440208235,75840.42766,13237.10388,89077.53154,51617.8656,140695.3971
24121,24122,30,0.606714029,0.598283998,0.923232663,0.186673722,0.378810274,1.671303077,0.484003249,0.490907439,0.418444754,0.353902732,0.560676337,66268.29618,13998.79152,80267.0877,51617.8656,131884.9533
48809,48810,330,0.581876665,0.798648434,0.781399462,0.346452491,0.365646045,2.549168094,0.391234883,0.442301387,0.486229503,0.58377407,0.503449611,69271.42276,13290.11712,82561.53988,51617.8656,134179.4055
17820,17821,170,0.554549972,0.438160801,0.86365317,0.167427912,0.335767582,2.217938066,0.518649177,0.502837603,0.3406578,0.662636425,0.557046729,64793.6766,12602.04372,77395.72032,51617.8656,129013.5859
1122,1123,300,1.165531215,0.655670382,1.055042126,0.417934935,0.48694421,1.680476297,0.406101872,0.310651723,0.425986775,0.410223188,0.478447335,72779.14849,15136.2414,87915.38989,51617.8656,139533.2555
11264,11265,100,0.62162882,0.466072905,0.405903628,0.253273339,0.30543052,1.115265567,0.293646559,0.311397871,0.461212161,0.443336904,0.626526281,67865.60289,13455.1998,81320.80269,51617.8656,132938.6683
30579,30580,210,1.172812389,0.692111349,0.491942388,0.439389583,0.429461135,2.90310599,0.495611778,0.517268964,0.638049096,0.51104537,0.600352647,73367.53921,11749.71168,85117.25089,51617.8656,136735.1165
45464,45465,10,0.735710325,0.568492168,0.550871225,0.279660233,0.242977846,1.66499954,0.53016236,0.621343184,0.426073521,0.407015897,0.625778805,65687.5311,12744.05328,78431.58438,51617.8656,130049.45
48216,48217,120,1.011258764,0.421357797,0.52086402,0.266153302,0.164929976,1.112778767,0.647928809,0.632219706,0.42967348,0.509406503,0.561508146,65527.68696,12800.91204,78328.599,51617.8656,129946.4646
43044,43045,310,0.641332002,0.747860361,0.517957352,0.15010209,0.318234772,1.461603956,0.524974847,0.367374504,0.446660713,0.461997744,0.563325152,66664.95808,13595.2866,80260.24468,51617.8656,131878.1103
15656,15657,40,0.804458717,0.755288637,1.012139989,0.238985694,0.43219321,2.83208271,0.654659715,0.32786954,0.453645102,0.444384426,0.531039655,68740.3486,13530.18744,82270.53604,51617.8656,133888.4016
1900,1901,350,0.663624976,0.697643319,0.529010551,0.170246335,0.330190619,2.153726615,0.601838117,0.393992799,0.391035917,0.558282406,0.61370403,65061.26179,12642.147,77703.40879,51617.8656,129321.2744
147,148,230,0.808793198,0.678002789,1.056846871,0.389438817,0.422152277,2.255923193,0.610190087,0.36995219,0.399978963,0.651725179,0.569568638,73498.72834,12228.20424,85726.93258,51617.8656,137344.7982
29642,29643,150,0.541354498,0.475923631,0.702049086,0.353717049,0.415809312,1.656367121,0.470565618,0.610336756,0.429979186,0.604612337,0.503871496,71851.60754,13034.9394,84886.54694,51617.8656,136504.4125
3211,3212,170,0.989955495,0.683333745,1.197126959,0.404134494,0.433824523,2.227244536,0.525332862,0.373888829,0.471015538,0.499948822,0.4826236,70519.40082,13993.02324,84512.42406,51617.8656,136130.2897
43850,43851,360,0.624260287,0.687981669,0.648660815,0.167244381,0.157989178,1.941859763,0.537837122,0.624344642,0.409282109,0.444329025,0.636320183,61148.96185,12518.81568,73667.77753,51617.8656,125285.6431
2354,2355,70,1.056998598,0.636580133,0.556633755,0.430101012,0.339435657,1.958949068,0.563006026,0.397308575,0.479366185,0.530332682,0.688661909,71428.06188,11578.86072,83006.9226,51617.8656,134624.7882
31520,31521,360,0.83940751,0.619548601,0.844629466,0.353908597,0.231242211,2.515635137,0.340724866,0.466593051,0.346305043,0.391886105,0.520623319,64556.93732,15337.58184,79894.51916,51617.8656,131512.3848
42583,42584,190,0.932732114,0.796812434,0.781973755,0.460411276,0.406319215,1.549422234,0.614799646,0.486361576,0.492622309,0.558244943,0.4591795,73907.10883,13425.25968,87332.36851,51617.8656,138950.2341
43337,43338,300,0.943418647,0.726140915,0.678492943,0.272054015,0.337452258,2.931060131,0.35489896,0.408431678,0.33157708,0.504980846,0.582413682,67603.91787,13732.90128,81336.81915,51617.8656,132954.6848
45284,45285,230,0.856937996,0.41463205,0.637525583,0.402727049,0.266571875,2.886253288,0.503632093,0.359130097,0.442772369,0.499656169,0.495447379,67705.45682,13871.61468,81577.0715,51617.8656,133194.9371
46956,46957,320,0.425998361,0.672484261,0.997618637,0.161379397,0.412790994,2.813858731,0.438759695,0.364670558,0.39005861,0.434804408,0.466623329,66216.98879,15352.96392,81569.95271,51617.8656,133187.8183
48790,48791,0,1.067017098,0.571647888,0.760346773,0.33513139,0.323298129,1.150939134,0.580361567,0.613091654,0.662750599,0.443225136,0.525665694,70448.25979,12575.67444,83023.93423,51617.8656,134641.7998
36585,36586,60,0.642069498,0.691636383,1.05580627,0.466757304,0.432044593,2.188993945,0.427893216,0.574289396,0.505019459,0.448997328,0.619225158,73342.1106,12339.44964,85681.56024,51617.8656,137299.4258
10465,10466,310,0.426302274,0.710443546,0.749983953,0.314818802,0.40520118,2.006276398,0.456414467,0.479671132,0.34944175,0.413029656,0.474975387,69378.97851,15243.91596,84622.89447,51617.8656,136240.7601
7821,7822,300,0.64729063,0.435489589,0.968628561,0.221351756,0.353979532,2.179035014,0.630585808,0.532126009,0.462439706,0.412627799,0.455063899,67482.31529,14191.3422,81673.65749,51617.8656,133291.5231
7205,7206,160,0.424597259,0.697787222,0.889913662,0.435318171,0.262048117,2.341265363,0.581876554,0.399584049,0.458706263,0.575687744,0.582095039,67754.74444,12393.5616,80148.30604,51617.8656,131766.1716
6413,6414,50,1.155075709,0.716978181,1.179708905,0.295519278,0.187647864,1.631380377,0.485276646,0.430554909,0.578803391,0.410808753,0.555327062,64912.19993,12840.74064,77752.94057,51617.8656,129370.8062
34046,34047,190,0.771272296,0.415454345,1.113154214,0.17201159,0.369526493,1.160078935,0.582990482,0.644117091,0.469170474,0.35674945,0.71776754,65103.94183,12192.49584,77296.43767,51617.8656,128914.3033
12728,12729,360,0.858801344,0.547152181,0.424455144,0.380261151,0.481961152,1.128219271,0.388587246,0.274171637,0.484032477,0.425498848,0.432864715,72042.80117,15821.568,87864.36917,51617.8656,139482.2348
6925,6926,160,0.906212738,0.696517884,0.456220683,0.273787986,0.324860108,1.687652508,0.415326422,0.492854389,0.372402154,0.63815235,0.493304003,68216.60033,13516.72812,81733.32845,51617.8656,133351.1941
27995,27996,80,0.948922084,0.719462995,0.466385235,0.406854743,0.191030821,2.091370293,0.468932527,0.509170326,0.691262215,0.562900135,0.477715856,67913.17376,12177.66312,80090.83688,51617.8656,131708.7025
37612,37613,310,1.068370626,0.63591047,0.47053849,0.483133928,0.41697851,1.632644169,0.519898015,0.336282744,0.560912957,0.44322507,0.71673317,73690.63265,11603.8566,85294.48925,51617.8656,136912.3549
